id,fired_at,timeframe,ticker,asset_name,primary_signal,primary_signal_label,signal_count,signal_types,direction,entry,stop_loss,take_profit_1,take_profit_2,atr,sl_pct,tp1_pct,tp2_pct,outcome,outcome_resolved_at,holding_hours,max_favorable_excursion_pct,max_adverse_excursion_pct,rsi,macd,ma25,ma75,news_count,ai_narrative,linked_trade_id,pseudo_record,loss_category,loss_cause,loss_diagnosis,loss_lesson,loss_tag,vix_start,vix_end,vix_change_pct,発火_曜日,発火_時間,発火_セッション,発火_月,発火_週番号,発火_日付
GC=F_20260520_1330,2026-05-20T13:30:00+09:00,4h,GC=F,ゴールド先物,rsi_oversold_bounce,🟢 RSI 過売り反発（押し目買い候補）,2,"rsi_oversold_bounce,bb_lower_touch",ロング（買い）,4462.01,4387.01,4562.01,4612.01,50.0,-1.681,2.241,3.362,tp1,2026-05-21T04:11:00+09:00,14.68,2.197,,29.5,0.0,4485.0,4520.0,0,※疑似レコード（バグで自動記録されなかったため後付け）。RSI 過売り反発 + ボリンジャー -2σ タッチの 2 重シグナル発火。下げ止まり買いの典型セットアップで、ユーザーが約 1 分後にエントリーし TP1 付近で利確。,GOLD_20260520,YES,,,,,,,,,水,13,東京セッション,5,21,2026-05-20
NKD=F_20260521_1217,2026-05-21T12:17:25+09:00,4h,NKD=F,日経 225 先物 (CME),high_break,🟢 直近 20 本高値ブレイク（トレンド継続）,1,high_break,ロング（買い）,61875.0,60872.91760713625,63211.10985715166,63879.1647857275,668.0549285758333,-1.6195270995777777,2.1593694661037035,3.2390541991555555,tp1,2026-05-22T04:00:00+00:00,24.71,2.505,-1.349,56.34,-212.1104,61112.2,62006.8,0,日経 225 先物は 61875円で 20本高値ブレイクによるロングシグナルが点灯。RSI 56.3は中立圏ながら上昇余地を示唆し、MACDもデッドクロスから回復の兆しを見せています。25MAが75MAを下回るものの、直近の陽線は短期的な強さを強調。ファンダメンタルズとしては、足元のニュース材料は限定的ですが、インフレ懸念後退や企業業績への期待が株価を下支えしています。シナリオが崩れるとすれば、急激な円高や主要国の金融政策のタカ派姿勢への転換が考えられます。,,,,,,,,,,,木,12,東京セッション,5,21,2026-05-21
BTC-USD_20260521_1217,2026-05-21T12:17:25+09:00,4h,BTC-USD,ビットコイン,bb_upper_break,🟡 ボリンジャー +2σ 突破（過熱注意）,1,bb_upper_break,,77850.8203125,,,,705.7605643350795,,,,no_plan,2026-05-21T12:17:34+09:00,0.0,,,53.48,-244.9124,77263.04,79280.32,5,ビットコインはボリンジャーバンド+2σを上抜け、短期的な過熱感を示唆しています。RSIが53.5と中立圏にある一方、MACDは依然としてマイナス圏であり、方向感の定まらない展開が予想されます。SpaceXのビットコイン保有額増加やNakamoto社の株式分割はポジティブ材料ですが、トランプ氏の発言による一時的な反発が収束する可能性もあり、シナリオが崩れる条件としては、75MA（79280.32）を明確に下抜ける展開が挙げられます。,,,,,,,,,,,木,12,東京セッション,5,21,2026-05-21
GC=F_20260521_1351,2026-05-21T13:51:29+09:00,4h,GC=F,ゴールド先物,rsi_oversold_bounce,🟢 RSI 過売り反発（押し目買い候補）,1,rsi_oversold_bounce,ロング（買い）,4537.89990234375,4473.180063639901,4624.193020615548,4667.339579751448,43.146559135899345,-1.426206837890415,1.9016091171872196,2.85241367578083,,,,0.513,-1.1,44.52,-37.8579,4565.7,4641.21,5,ゴールド先物は、RSIが過売り圏から反発したことから、押し目買いの好機と判断できます。MACDも下落トレンドの勢いが鈍化しており、上昇への転換が期待されます。ファンダメンタルズでは、米・イラン和平合意への期待がインフレ懸念を相殺し、金価格の堅調さを下支えしています。しかし、広範なレンジ取引の可能性も指摘されており、このシナリオが崩れるとすれば、インフレ懸念が再燃し金利上昇圧力が強まった場合でしょう。,,,,,,,,,,,木,13,東京セッション,5,21,2026-05-21
CL=F_20260521_1351,2026-05-21T13:51:29+09:00,4h,CL=F,原油 WTI 先物,macd_dead,🔴 MACD デッドクロス（短期下降転換）,1,macd_dead,ショート（売り）,99.08999633789062,102.25455347340007,94.87058682387804,92.76088206687176,2.1097047570062903,3.19361918706556,-4.258158916087413,-6.38723837413112,sl,2026-05-21T13:00:00+00:00,8.14,1.857,-3.603,38.79,0.4784,102.03,100.23,5,WTI原油はMACDのデッドクロスにより短期的な下落転換を示唆しています。RSIが38.8と弱含んでいることも、この方向感を支持します。ファンダメンタルズでは、イラン情勢を巡る報道が乱調であり、短期的な方向感を見出しにくい状況です。このショートシナリオが崩れるのは、トランプ大統領がイランとの対立緩和を示唆するなど、地政学的リスクが急速に後退した場合です。,,,テクニカル悪化 / ファンダメンタル,予想外の地政学的リスク後退による急反発,MACDデッドクロスとRSIの弱含みでショートシグナルが発火しましたが、保有期間中の「債券市場のFRBへの示唆」は、インフレ懸念後退による早期利下げ期待を示唆し、リスクオンの動きを誘発した可能性があります。また、AI解説で触れられた「地政学的リスクの後退」が、想定以上に急速に市場に織り込まれたことで、WTIは急反発し、SLにヒットしたと考えられます。,地政学リスクの動向と市場の織り込みスピードに注意。ニュースの市場への影響度をより慎重に評価する。,地政学・リスクオン,17.43,17.4,-0.17,木,13,東京セッション,5,21,2026-05-21
NKD=F_20260521_1351,2026-05-21T13:51:29+09:00,4h,NKD=F,日経 225 先物 (CME),macd_golden,🟢 MACD ゴールデンクロス（短期上昇転換）,1,macd_golden,ロング（買い）,61965.0,60786.570747198675,63536.2390037351,64321.85850560265,785.6195018675496,-1.9017659207638575,2.53568789435181,3.803531841527715,tp1,2026-05-22T14:00:00+00:00,33.14,2.614,-1.493,54.51,-436.0147,61506.4,61923.93,0,日経 225 先物は MACD ゴールデンクロスが発火し、短期的な上昇転換の兆しが見られます。RSIも50を超え、需給の改善が示唆されています。直近のボラティリティを考慮した ATR ベースのストップロス設定は、この上昇シナリオが崩れるには、急速な下落により一時的な値動きの範囲を大きく超える必要があることを示唆します。足元のニュース材料は限定的ですが、テクニカルの勢いを注視したいところです。,,,,,,,,,,,木,13,東京セッション,5,21,2026-05-21
BTC-USD_1h_20260521_1934,2026-05-21T19:34:44+09:00,1h,BTC-USD,ビットコイン,bb_lower_touch,🟢 ボリンジャー -2σ タッチ（反発期待）,1,bb_lower_touch,ロング（買い）,77333.53125,76803.48299653002,78040.26225462665,78393.62775693998,353.36550231332734,-0.6854054701788767,0.9138739602385022,1.3708109403577533,sl,2026-05-21T13:00:00+00:00,2.42,-0.045,-0.907,45.85,112.4533,77565.95,77076.79,5,ビットコインはボリンジャーバンドの-2σにタッチし、過去の安値圏からの反発が期待されるテクニカル状況です。RSIが45.9と売られすぎ水準からはやや回復しており、短期的な上昇トレンドへの転換を示唆しています。ファンダメンタルズでは、イラン情勢の不透明感や米利上げ観測による一時的な下落がありましたが、全体としては上昇基調への回帰が期待できる材料も存在します。このシナリオが崩れるのは、77076.79の75MAを明確に下抜けた場合です。,,,テクニカル悪化,75MAを下抜け、明確な下落トレンドへ,エントリー時点ではボリンジャーバンドの-2σタッチからの反発が期待されましたが、RSIが45.85と下降トレンド中の水準でした。75MA（77076.79）を明確に下抜けたことで、AI解説で示されたシナリオが崩壊し、予測に反して価格が下落したと考えられます。VIXの低下はリスクオフムードの緩和を示唆しますが、ビットコイン単体のテクニカルが悪化したと判断されます。,75MAを下抜けた場合は、AI解説のシナリオ崩壊とみなし、損切りを迅速に実行する。,トレンド逆行,17.65,17.4,-1.42,木,19,欧州セッション,5,21,2026-05-21
CL=F_4h_20260521_2011,2026-05-21T20:11:55+09:00,4h,CL=F,原油 WTI 先物,bb_lower_touch,🟢 ボリンジャー -2σ タッチ（反発期待）,1,bb_lower_touch,ロング（買い）,100.94999694824219,97.67569743802169,105.31572962853619,107.49859596868319,2.182866340147003,-3.243486487571924,4.324648650095899,6.486972975143848,sl,2026-05-21T17:00:00+00:00,5.8,1.694,-3.328,48.45,-0.4703,101.86,99.84,5,WTI原油は、-2σにタッチし反発の兆しを見せています。RSIも48台で過熱感はなく、MACDもデッドクロス後の垂れ下がりが鈍化しており、テクニカル的には短期的な押し目買いが期待できます。ファンダメンタルズでは、イラン交渉の不確実性による供給懸念と米国在庫減少が価格を下支えしており、買い方向のシナリオを支持します。ただし、原油供給の急増を示すニュースが出現した場合、シナリオは崩れる可能性があります。,,,テクニカル悪化 / ファンダメンタル,テクニカル指標が示唆した反発が持続しなかった,エントリー時点ではRSIやMACDの鈍化、2σタッチからの反発期待がありましたが、75MAを上抜けきれず、その後75MAを下抜けて急落しました。VIXの低下はリスクオンを示唆していましたが、原油市場特有の地政学リスクや需給バランスの急変が、テクニカルな反発期待を上回る下落圧力となった可能性があります。,テクニカル指標だけでなく、地政学リスクや需給バランスの急変兆候を早期に察知し、判断を柔軟に変更する。,テクニカル崩壊,17.75,16.85,-5.07,木,20,欧州セッション,5,21,2026-05-21
CL=F_4h_20260522_0319,2026-05-22T03:19:09+09:00,4h,CL=F,原油 WTI 先物,low_break,🔴 直近 20 本安値割れ（損切りライン）,1,low_break,ショート（売り）,96.72000122070312,100.31888736153475,91.92148636626096,89.52222893903988,2.399257427221081,3.7209326875621174,-4.961243583416157,-7.441865375124235,,,,2.057,-2.802,33.64,-0.751,101.66,99.72,5,WTI 原油先物は、直近 20 本安値を下抜け、RSI も 33.6 と低迷しており、テクニカルにはショート優位の状況です。MACD もデッドクロスを示唆しており、25MA が 75MA を下回るゴールデンクロス形成も視野に入ります。  ファンダメンタルズでは、米・イラン和平交渉への期待が原油価格反転の材料と報じられていますが、イラン最高指導者の濃縮ウラン国外持ち出し否定といった地政学的リスクの高まりも同時に見られ、需給両面で不確実性が高い状態です。  このショートシナリオが崩れるのは、イラン情勢の緊迫化がさらに進行し、供給懸念が再燃した場合です。,,,,,,,,,,,金,3,深夜,5,21,2026-05-22
NKD=F_4h_20260522_0319,2026-05-22T03:19:09+09:00,4h,NKD=F,日経 225 先物 (CME),high_break,🟢 直近 20 本高値ブレイク（トレンド継続）,1,high_break,ロング（買い）,62285.0,61256.465061515475,63656.37991797937,64342.06987696906,685.6899589896854,-1.6513364991322599,2.201781998843013,3.3026729982645198,tp1,2026-05-22T17:00:00+00:00,22.68,2.448,-0.377,58.76,5.3783,61084.6,62096.47,0,日経 225 先物は、直近 20 本高値ブレイクという力強いテクニカルシグナルを発火し、上昇トレンド継続の可能性を示唆しています。RSI も 58.8 と買われ過ぎではなく、MACD もゴールデンクロスを示唆しており、さらなる上値追いが期待できます。  ファンダメンタルズ面では、円安進行や決算発表シーズンへの期待感など、追い風となる材料は限定的ですが、グローバルな金融市場の安定ムードが日経平均を支えています。  このロングシナリオが崩れるとすれば、急激な円高や主要国の金融政策の引き締め観測が強まり、リスクオフムードが台頭した場合です。,,,,,,,,,,,金,3,深夜,5,21,2026-05-22
BTC-USD_1h_20260522_0507,2026-05-22T05:07:21+09:00,1h,BTC-USD,ビットコイン,macd_golden,🟢 MACD ゴールデンクロス（短期上昇転換）,1,macd_golden,ロング（買い）,77648.71875,77036.25137020704,78465.34192305728,78873.65350958591,408.3115865286388,-0.7887668845700796,1.0516891794267729,1.5775337691401592,sl,2026-05-22T13:00:00+00:00,16.88,0.232,-1.491,54.22,13.5573,77518.96,77139.37,5,ビットコインは1H足でMACDゴールデンクロスが発生し、短期的な上昇転換を示唆しています。RSIも50超えで買い優勢です。ボリンジャーバンドの-2σ付近から反発し、25MA、75MAも上向きでサポートとなる可能性が高いです。  ファンダメンタルズでは、仮想通貨全体の堅調な値動きや、ARMAR法案による戦略的準備金の法制化といったポジティブなニュースが見られます。マーク・キューバン氏の発言はネガティブですが、インフレヘッジとしてのBTCの優位性を示すデータもあり、全体としては上昇シナリオを支持します。  ただし、77000ドルを明確に下抜ける展開となれば、シナリオは崩れる可能性があります。,,,テクニカル悪化,MAサポートの崩壊と下落圧力,シグナル発火時点ではMACDゴールデンクロス、RSI50超え、MAサポートが確認され、上昇シナリオが支持されていた。しかし、保有期間中にボラティリティは大きく変動せず、ニュースからも顕著な材料は見られなかった。結果として、25MA（77518.96）および75MA（77139.37）を下方ブレイクし、AI解説で示唆された77000ドルを下抜けたことがSLヒットの直接的な要因となった。,MAサポートラインを明確に下抜けた場合は、迅速な損切り判断を徹底する。,MAブレイク,16.77,16.84,0.42,金,5,深夜,5,21,2026-05-22
NKD=F_1h_20260522_0913,2026-05-22T09:13:21+09:00,1h,NKD=F,日経 225 先物 (CME),high_break,🟢 直近 20 本高値ブレイク（トレンド継続）,1,high_break,ロング（買い）,62455.0,62034.310558371275,63015.91925550497,63296.37888325746,280.4596277524847,-0.6735880900307855,0.8981174533743805,1.347176180061571,tp1,2026-05-22T04:00:00+00:00,3.78,1.553,1.369,67.24,304.3167,61768.4,61021.4,0,日経 225 先物は直近 20 本高値ブレイクにより、上昇トレンド継続のシグナルが出ています。RSI も 67.2 と強気を示唆しており、MACD もゴールデンクロス状態です。25MA が 75MA を上回っており、短期的な上昇圧力が確認できます。ボリンジャーバンドの +2σ 付近での推移は、勢いのある上昇を示唆します。  足元のニュース材料は限定的ですが、グローバルな景気回復期待や円安進行などが、日本株への追い風となる可能性が考えられます。  このシナリオが崩れる条件としては、62034.31 を下抜ける展開が挙げられます。,,,,,,,,,,,金,9,東京セッション,5,21,2026-05-22
GC=F_1h_20260522_1324,2026-05-22T13:24:54+09:00,1h,GC=F,ゴールド先物,macd_dead,🔴 MACD デッドクロス（短期下降転換）,1,macd_dead,ショート（売り）,4530.39990234375,4556.3815450748325,4495.75771203564,4478.436616881585,17.321095154055072,0.5734955697319635,-0.764660759642618,-1.146991139463927,tp1,2026-05-22T14:00:00+00:00,9.59,0.936,-0.159,50.75,2.5452,4529.45,4523.88,5,ゴールド先物は MACD デッドクロスにより短期的な下降トレンド入りを示唆しており、25MA を下抜けていることから、この水準でのショートエントリーは妥当と考えられます。直近のニュースでは、平和の兆しとエスカレーション待ちの金価格の持ち合いが示唆されており、リスクオフの動きが限定的である可能性も考慮されます。シナリオが崩れるのは、価格が直近高値付近を明確に上抜けた場合です。,,,,,,,,,,,金,13,東京セッション,5,21,2026-05-22
NKD=F_1h_20260522_1324,2026-05-22T13:24:54+09:00,1h,NKD=F,日経 225 先物 (CME),bb_upper_break,🟡 ボリンジャー +2σ 突破（過熱注意）,2,"bb_upper_break,high_break",ロング（買い）,63415.0,62946.087383784674,64040.21682162043,64352.825232430645,312.6084108102153,-0.7394348595999731,0.9859131461332974,1.4788697191999463,sl,2026-05-22T10:00:00+00:00,5.58,0.134,-0.852,77.31,453.5855,61922.0,61080.53,0,日経 225 先物は、直近 20 本高値ブレイクとボリンジャーバンド +2σ 突破という強力な上昇シグナルを発火させており、短期的な上昇トレンド継続が示唆されます。RSI も 77.3 と過熱感は見られるものの、MACD もゴールデンクロスを示しており、勢いは衰えていません。現在、目立ったネガティブなニュース材料は限定的ですが、もし為替市場で急激な円高が進むような事態となれば、この上昇シナリオは崩れる可能性があります。,,,テクニカル悪化,RSI過熱感と短期的な反落,エントリー時、RSIは77.31と過熱圏にあった。MACDのゴールデンクロスは上昇勢いを示唆していたが、ボリンジャーバンド+2σ突破は短期的な到達点を示唆し、その後、市場は一時的な利益確定売りや調整局面を迎え、ロングポジションがSLにヒットしたと推測される。,RSI過熱時は、エントリータイミングを慎重に調整。利益確定目標も早期に設定し、リスク管理を徹底する。,RSI過熱,16.77,17.07,1.79,金,13,東京セッション,5,21,2026-05-22
NKD=F_4h_20260522_1342,2026-05-22T13:42:32+09:00,4h,NKD=F,日経 225 先物 (CME),bb_upper_break,🟡 ボリンジャー +2σ 突破（過熱注意）,1,bb_upper_break,,63290.0,,,,641.7680281979386,,,,no_plan,2026-05-22T13:42:39+09:00,0.0,,,66.06,301.7952,61247.6,62171.6,0,日経 225 先物はボリンジャーバンドの+2σを上抜けており、短期的な過熱感を示唆しています。RSIは60台後半で上昇トレンド継続の可能性もありますが、MACDのクロスはまだ見られず、方向感に欠けます。  足元のニュース材料は限定的ですが、もし米国金利の急低下や円安の加速が止まれば、この上昇シナリオは崩れる可能性があります。現時点では、明確な方向感が出ないため、様子見が賢明でしょう。,,,,,,,,,,,金,13,東京セッション,5,21,2026-05-22
USDJPY=X_1h_20260522_1411,2026-05-22T14:11:30+09:00,1h,USDJPY=X,ドル円,macd_golden,🟢 MACD ゴールデンクロス（短期上昇転換）,1,macd_golden,ロング（買い）,159.0679931640625,158.88806450174152,159.30789804715712,159.42785048870445,0.11995244154731902,-0.11311430963701187,0.1508190795160158,0.22622861927402374,,,,0.105,-0.053,52.96,0.013,159.05,159.01,3,MACDのゴールデンクロスは短期的な上昇転換を示唆しており、25MAが75MAを上回っていることも同様のシグナルです。RSIも50台で中立圏にあり、ボリンジャーバンドの+2σ近辺で推移していることから、上値余地が期待できます。ニュースでは、イラン危機下でドルがライバル通貨を凌駕する理由が示唆されており、ドル高圧力とテクニカルの買いシグナルが合致しています。シナリオが崩れるとすれば、急激な円買い介入や、予想外の米国の金融政策変更など、ドル売りに繋がる材料が出現した場合です。,,,,,,,,,,,金,14,東京セッション,5,21,2026-05-22
GBPJPY=X_1h_20260522_1411,2026-05-22T14:11:30+09:00,1h,GBPJPY=X,ポンド円,macd_golden,🟢 MACD ゴールデンクロス（短期上昇転換）,1,macd_golden,ロング（買い）,213.6320037841797,213.37629180172596,213.972953094118,214.14342774908718,0.17047465496916167,-0.11969741327337538,0.15959655103116718,0.23939482654675076,tp1,2026-05-22T13:00:00+00:00,7.81,0.191,-0.091,58.47,0.0428,213.54,213.29,5,ポンド円はMACDのゴールデンクロスにより短期的な上昇転換を示唆しており、25MA、75MAが上向きであることからも、このロングシナリオはテクニカル的に妥当と判断できます。直近のニュースではBOEのタカ派姿勢後退や雇用統計の弱さなど、ポンドにとってはネガティブな材料も見られますが、予算発表後の上昇や月次GDP改善といったポジティブな動きも混在しており、市場は材料を消化しつつあると見られます。このシナリオが崩れるのは、GDPの弱さやBOEのハト派姿勢への移行がより顕著になる展開です。,,,,,,,,,,,金,14,東京セッション,5,21,2026-05-22
GBPUSD=X_1h_20260522_1411,2026-05-22T14:11:30+09:00,1h,GBPUSD=X,ポンドドル,macd_golden,🟢 MACD ゴールデンクロス（短期上昇転換）,1,macd_golden,ロング（買い）,1.3431652784347534,1.3414788270072733,1.3454138803380604,1.346538181289714,0.0011243009516534713,-0.12555799755674887,0.1674106634089985,0.25111599511349775,tp1,2026-05-22T13:00:00+00:00,7.81,0.203,-0.123,53.71,0.0002,1.34,1.34,5,ポンドドルは1H足でMACDゴールデンクロスが発生し、短期的な上昇転換の兆候が見られます。25MAと75MA、ボリンジャーバンドの±2σがエントリー水準で収斂しており、これらのテクニカルサポートを背景とした買いが優位と判断します。  ファンダメンタルズでは、英国債急落とそれに伴う英国の借り入れコスト高騰がポンドにとってネガティブ要因ですが、スターマー首相のリーダーシップ危機が市場に波及している状況は、むしろポンドのさらなる下落を招き、相対的にドル高が進みにくい可能性も示唆します。  このシナリオが崩れるのは、英国の政治的混乱がさらに悪化し、ポンドへの売り圧力が強まる場合です。,,,,,,,,,,,金,14,東京セッション,5,21,2026-05-22
AUDJPY=X_1h_20260522_1847,2026-05-22T18:47:40+09:00,1h,AUDJPY=X,豪ドル円,bb_lower_touch,🟢 ボリンジャー -2σ タッチ（反発期待）,1,bb_lower_touch,ロング（買い）,113.43000030517578,113.20101733452778,113.73531093270645,113.88796624647179,0.15265531376533595,-0.20187161247636484,0.2691621499684865,0.4037432249527297,,,,0.164,-0.151,43.77,0.0123,113.56,113.32,2,豪ドル円は、ボリンジャーバンドの-2σにタッチし、反発の兆しを見せています。RSIが43台と低下していることも、過熱感の解消と反転の可能性を示唆しています。ファンダメンタルズでは、インフレ高進とRBAの政策据え置きが豪ドルの下支え要因となり、このロングシナリオを支持します。シナリオが崩れるとすれば、75MAを下抜けた場合です。,,,,,,,,,,,金,18,欧州セッション,5,21,2026-05-22
EURJPY=X_1h_20260522_2033,2026-05-22T20:33:23+09:00,1h,EURJPY=X,ユーロ円,bb_lower_touch,🟢 ボリンジャー -2σ タッチ（反発期待）,1,bb_lower_touch,ロング（買い）,184.51300048828125,184.3129902207284,184.77968084501836,184.91302102338693,0.1333401783685627,-0.10839901092256482,0.14453201456341977,0.21679802184512964,tp1,2026-05-22T16:00:00+00:00,4.44,0.186,-0.038,38.85,-0.0147,184.65,184.61,2,ユーロ円はボリンジャーバンドの-2σにタッチし、短期的な反発が期待できる水準にあります。RSIも38.9と売られすぎ水準に近づいており、テクニカル的には買いシグナルが点灯しています。  ファンダメンタルズでは「ユーロ・ドル・パラドックス：景気減速下でのユーロ高」という見出しもあり、ユーロの強さが示唆されています。通貨強弱でもユーロは下落しておらず、このロングシナリオを支持しています。  このシナリオが崩れるのは、ユーロ圏の経済指標が悪化し、ユーロ売りが加速した場合です。,,,,,,,,,,,金,20,欧州セッション,5,21,2026-05-22
AUDJPY=X_1h_20260522_2033,2026-05-22T20:33:23+09:00,1h,AUDJPY=X,豪ドル円,low_break,🔴 直近 20 本安値割れ（損切りライン）,1,low_break,ショート（売り）,113.32099914550781,113.54123780199802,113.02734760352087,112.88052183252739,0.14682577099347288,0.19434937756541998,-0.25913250342055993,-0.38869875513083996,sl,2026-05-22T13:00:00+00:00,1.44,0.055,-0.22,37.81,-0.0164,113.55,113.32,2,豪ドル円は、直近20本安値割れ（113.34円）でショートシグナルが点灯しました。RSIが37.8と低下し、MACDもシグナルを下回っていることから、テクニカルには下落圧力が示唆されます。25MA（113.55円）が75MA（113.32円）を上回っているものの、短期的な下落トレンドへの転換が期待されます。  ファンダメンタルズでは、インフレ高進やRBAの据え置きが豪ドルをサポートする可能性が指摘されている一方、豪ドルは中国景気に大きく依存しており、上海・香港市場が堅調なことは一時的な支えになるものの、全体的なアジア市場の不透明感は豪ドルの上値を抑える要因となり得ます。  通貨強弱では、豪ドルが弱含み（-0.07%）であり、円が比較的に堅調（+0.02%）であることも、このショートシナリオと一致します。このシナリオが崩れるのは、中国経済の急速な改善や、RBAからのタカ派的な発言が再燃し、豪ドルが大幅に買い戻される展開です。,,,テクニカル悪化,短期MAがレジスタンスとして機能せず,ショートエントリー時、25MA（113.55円）が75MA（113.32円）を上回っていましたが、この25MAがレジスタンスとして機能せず、価格はそれを超えて上昇しました。RSIの低下とMACDのクロスも、短期的な下落圧力を示唆していましたが、全体的な相場環境や他の要因が、このテクニカルシグナルを上回る影響を与えた可能性があります。VIXの微増はリスクオフの兆候ではなかったようです。,MAクロスだけでなく、MAへの接近・反転を重視。複数MAの傾きや位置関係も確認する。,MAレジスタンス無効,16.74,16.84,0.6,金,20,欧州セッション,5,21,2026-05-22
EURUSD=X_1h_20260522_2033,2026-05-22T20:33:23+09:00,1h,EURUSD=X,ユーロドル,bb_lower_touch,🟢 ボリンジャー -2σ タッチ（反発期待）,1,bb_lower_touch,ロング（買い）,1.1599582433700562,1.158517159238932,1.1618796888782215,1.1628404116323041,0.0009607227540826835,-0.1242358627442663,0.16564781699235503,0.2484717254885326,tp1,2026-05-22T13:00:00+00:00,1.44,0.186,-0.058,38.24,-0.0003,1.16,1.16,5,ユーロドルはボリンジャーバンドの-2σにタッチし、反発の兆しが見られます。RSIも38台と売られすぎ水準に近づき、短期的な押し目買いが期待できます。ファンダメンタルズでは、イラン紛争によるエネルギー価格高騰が欧州経済の重しとなりユーロ売り圧力が指摘されていますが、米国債利回りの上昇やドル指数の小幅上昇はドル買い要因ともなり、方向感は限定的です。通貨強弱ではユーロが弱含みですが、ドルも同程度です。シナリオが崩れるのは、ボリンジャーバンドの-2σを下抜けた場合です。,,,,,,,,,,,金,20,欧州セッション,5,21,2026-05-22
AUDUSD=X_1h_20260522_2033,2026-05-22T20:33:23+09:00,1h,AUDUSD=X,豪ドル米ドル（オージードル）,bb_lower_touch,🟢 ボリンジャー -2σ タッチ（反発期待）,2,"bb_lower_touch,low_break",,0.7123521566390991,,,,0.0009030990386022674,,,,no_plan,2026-05-22T20:34:37+09:00,0.02,,,37.45,-0.0002,0.71,0.71,5,豪ドル米ドル（0.71235）では、ボリンジャーバンドの-2σタッチ（0.71）からの反発期待と、直近20本安値（0.71）割れによる損切りライン発火が同時に発生しています。テクニカル的には、RSI 37.5は売られすぎを示唆しており、25MA、75MAも0.71と重なることから、この水準が短期的なサポートとなり得ると見られます。ファンダメンタルズでは、中東情勢の落ち着きによるドル軟化が豪ドル米ドルを押し上げる可能性を示唆していますが、中国株は好調であり、AUDへの追い風が期待されます。通貨強弱ではUSDが微弱なプラスなのに対しAUDはマイナスとなっており、方向感に乏しい状況です。もし0.71を明確に下抜けた場合、シナリオは崩れると考えられます。,,,,,,,,,,,金,20,欧州セッション,5,21,2026-05-22
EURAUD=X_1h_20260522_2033,2026-05-22T20:33:23+09:00,1h,EURAUD=X,ユーロ/豪ドル（ユーロオージー）,high_break,🟢 直近 20 本高値ブレイク（トレンド継続）,1,high_break,ロング（買い）,1.628250002861023,1.625422523293024,1.6320199756183549,1.6339049619970207,0.0018849863786659404,-0.17365143946142808,0.2315352526152375,0.34730287892285616,,,,0.028,-0.135,58.81,0.0001,1.63,1.63,0,ユーロ/豪ドルは、直近20本高値ブレイクという強い上昇シグナルが点灯しました。RSIは58.8と買われすぎではない水準、MACDもプラス圏への移行を示唆しており、短期的な上昇トレンド継続が期待されます。  ファンダメンタルズでは、中国株式市場が堅調に推移しており、AUDにとって追い風です。上海総合指数、香港ハンセン指数ともに上昇し、Lenovoの決算好調などがアジア株式市場を後押ししています。  通貨強弱では、EURが横ばいなのに対しAUDは若干下落していますが、中国情勢の好転がAUDを下支えする可能性が高いです。  このシナリオが崩れるのは、直近20本安値（1.62）を明確に下抜けた場合でしょう。,,,,,,,,,,,金,20,欧州セッション,5,21,2026-05-22
GBPAUD=X_1h_20260522_2033,2026-05-22T20:33:23+09:00,1h,GBPAUD=X,ポンド/豪ドル（ポンドオージー）,high_break,🟢 直近 20 本高値ブレイク（トレンド継続）,1,high_break,ロング（買い）,1.8844599723815918,1.881266733199037,1.8887176246249984,1.8908464507467015,0.0021288261217032706,-0.16945115467320174,0.22593487289760233,0.3389023093464035,,,,0.091,-0.139,64.56,0.0006,1.88,1.88,0,ポンド/豪ドルのロング戦略は、直近20本高値ブレイクという明確なテクニカルシグナルに裏打ちされています。RSI60超えは買われすぎではない買われすぎ水準であり、MACDもゼロラインを上回っていることから、短期的な上昇トレンド継続が期待されます。  ファンダメンタルズ面では、豪ドルが中国株の上昇に連動して底堅く推移しており、AUDの下落リスクは限定的です。通貨強弱でもポンドが豪ドルを上回っており、方向感と一致しています。  このシナリオが崩れるのは、中国株が急落し、AUDが全面的に売られる展開となった場合です。,,,,,,,,,,,金,20,欧州セッション,5,21,2026-05-22
CL=F_1h_20260522_2132,2026-05-22T21:32:16+09:00,1h,CL=F,原油 WTI 先物,macd_dead,🔴 MACD デッドクロス（短期下降転換）,2,"macd_dead,bb_lower_touch",,96.22000122070312,,,,1.2185074900968171,,,,no_plan,2026-05-22T21:32:38+09:00,0.01,,,36.24,-0.4916,98.46,100.55,5,WTI原油は、MACDのデッドクロスとボリンジャーバンド-2σタッチによる短期的な下降圧力と反発期待が交錯しています。テクニカルには、MACDがシグナル線を下抜け、RSIも36台と売られすぎを示唆しており、更なる下落の可能性も視野に入ります。ファンダメンタルでは、米・イランの取引成立報道が原油価格下落要因として意識されます。FRBの利上げ継続懸念もドル高を通じて原油価格への下押し圧力となる可能性があります。通貨強弱ではドルが弱含みですが、原油固有の材料が優勢と見られます。シナリオが崩れるのは、ボリンジャーバンド-2σを明確に下抜けた場合です。,,,,,,,,,,,金,21,欧州セッション,5,21,2026-05-22
NKD=F_4h_20260523_0029,2026-05-23T00:29:34+09:00,4h,NKD=F,日経 225 先物 (CME),high_break,🟢 直近 20 本高値ブレイク（トレンド継続）,1,high_break,ロング（買い）,63535.0,62569.4017792315,64822.464294358004,65466.196441537,643.7321471790016,-1.5197894401015226,2.0263859201353633,3.0395788802030452,,,,0.433,-0.512,66.03,460.6122,61439.2,62218.6,0,日経 225 先物は、直近 20 本高値ブレイクで上昇トレンド継続のシグナルが点灯しました。RSI 66.0、MACD も陽転しており、テクニカルには買い優位の状況です。ボリンジャーバンド +2σ 付近での攻防となり、さらなる上昇が期待されます。足元のニュース材料は限定的ですが、通貨強弱では円が軟調であり、この上昇トレンドを後押しする可能性があります。シナリオが崩れるのは、62569.40 を下抜けた場合です。,,,,,,,,,,,土,0,深夜,5,21,2026-05-23
GBPJPY=X_4h_20260523_0029,2026-05-23T00:29:34+09:00,4h,GBPJPY=X,ポンド円,high_break,🟢 直近 20 本高値ブレイク（トレンド継続）,1,high_break,ロング（買い）,213.82699584960938,213.24716358186276,214.6001055399382,214.98666038510262,0.3865548451644154,-0.27116887904763703,0.3615585053968494,0.5423377580952741,,,,0.094,-0.071,64.15,0.211,213.35,213.08,5,ポンド円は、直近20本高値ブレイクという強い上昇シグナルが出現しました。RSIも64と買われすぎではない範囲で、MACDもゴールデンクロス目前であり、25MAが75MAを上回っていることから、テクニカル的には上昇トレンド継続が期待できます。通貨強弱でもポンドが堅調、円が弱含みのため、この方向感は支持されます。  ファンダメンタルズ面では、最近の経済指標はまちまちですが、予算発表後のポンド上昇の材料が残る中、この上昇はポジティブに捉えられます。シナリオが崩れるとすれば、イングランド銀行のハト派的な発言が再燃し、ポンド売りが強まった場合です。,,,,,,,,,,,土,0,深夜,5,21,2026-05-23
GC=F_1h_20260523_0052,2026-05-23T00:52:38+09:00,1h,GC=F,ゴールド先物,bb_lower_touch,🟢 ボリンジャー -2σ タッチ（反発期待）,1,bb_lower_touch,ロング（買い）,4518.39990234375,4489.5913831388925,4556.811261283559,4576.016940753464,19.205679469904798,-0.6375823262105211,0.8501097682806948,1.2751646524210423,,,,0.255,-0.288,48.05,-3.1549,4526.21,4517.37,5,ゴールド先物、現在4518.40ドル。ボリンジャーバンド-2σタッチからの反発を狙うロング戦略です。テクニカルには、25MAが75MAを上回っており、MACDもデッドクロスから回復の兆しを見せています。ファンダメンタルズでは、FRB理事の利上げ示唆が金価格の上値を抑える要因となりうる一方、週を通して4500ドル近辺で推移していることから、底堅さも伺えます。このシナリオが崩れるのは、4489.59ドルを下抜けた場合です。,,,,,,,,,,,土,0,深夜,5,21,2026-05-23
NKD=F_1h_20260523_0052,2026-05-23T00:52:38+09:00,1h,NKD=F,日経 225 先物 (CME),high_break,🟢 直近 20 本高値ブレイク（トレンド継続）,1,high_break,ロング（買い）,63555.0,63172.51243636468,64064.983418180425,64319.97512727064,254.9917090902129,-0.6018213573051991,0.8024284764069323,1.2036427146103983,,,,0.401,-0.543,73.47,412.1674,62783.8,61487.13,0,日経225先物は直近20本高値ブレイクを達成し、RSIも73.5と買われ過ぎを示唆する一方、MACDもゴールデンクロス近辺で上昇ポテンシャルを示唆しています。25MAが75MAを上回っていることも強気トレンドを支持。ボリンジャーバンド+2σ近辺での推移は、さらなる上昇を示唆する一方、+2σを大きく超える場合は過熱感からの反落リスクも。  ファンダメンタルズ面では、足元のニュース材料は限定的ですが、米国のインフレ指標の鈍化やFRBの利上げ停止観測が、リスクオンムードを支えています。通貨強弱ではJPYが弱含みであり、円安による輸出関連企業への追い風も期待されます。  このロングシナリオが崩れるとすれば、想定外のインフレ再燃や、主要国中央銀行からのタカ派的な発言により、リスクオフムードが急速に広がり、株価が急落する展開が考えられます。,,,,,,,,,,,土,0,深夜,5,21,2026-05-23
BTC-USD_1h_20260523_0052,2026-05-23T00:52:38+09:00,1h,BTC-USD,ビットコイン,bb_lower_touch,🟢 ボリンジャー -2σ タッチ（反発期待）,1,bb_lower_touch,ロング（買い）,76683.96875,76212.28430723936,77312.88134034752,77627.3376355213,314.45629517376335,-0.6151017617494465,0.8201356823325954,1.230203523498893,sl,2026-05-22T18:00:00+00:00,2.12,0.406,-1.453,34.95,-130.7515,77363.29,77266.3,5,ビットコインはボリンジャーバンド-2σにタッチし、RSIも売られすぎ水準を示唆しており、短期的な反発が期待される。MACDのデッドクロスは一時的であり、75MA、25MAが上向きであることから、上昇トレンドは継続すると見られる。足元のニュース材料は限定的だが、通貨強弱でUSD、JPYが弱含み、ビットコインの買い圧力となりうる。シナリオが崩れるとすれば、76663.09の直近安値を明確に割り込んだ場合。,,,テクニカル悪化 / ファンダメンタル,短期的な反発期待が裏目に出た,RSIの売られすぎ水準とボリンジャーバンド-2σタッチは短期反発の兆候であったが、MACDのデッドクロスと下向きの圧力は無視できなかった。保有期間中に仮想通貨関連株の下落やマーク・キューバン氏のビットコインヘッジ失敗発言といったネガティブなニュースが重なり、下落圧力を強めた可能性がある。25MA、75MAが上向きでも、短期的な弱材料に市場が反応した。,短期指標の過熱感だけでなく、MACDやニュースフローも総合的に判断し、シナリオ崩壊ラインを厳守する。,短期弱気,16.51,16.52,0.06,土,0,深夜,5,21,2026-05-23
USDJPY=X_1h_20260523_0052,2026-05-23T00:52:38+09:00,1h,USDJPY=X,ドル円,macd_golden,🟢 MACD ゴールデンクロス（短期上昇転換）,3,"macd_golden,bb_upper_break,high_break",ロング（買い）,159.21400451660156,159.045131161487,159.43916899008764,159.55175122683067,0.11258223674304209,-0.10606689758686046,0.1414225301158139,0.2121337951737209,,,,0.012,-0.102,61.46,0.0304,159.07,159.01,3,ドル円は、MACDのゴールデンクロス、ボリンジャーバンド+2σ突破、直近高値更新といったテクニカルシグナルから、短期的な上昇トレンドへの転換が示唆されています。為替強弱でもドルは小幅な下落ながらも円よりは強く、この上昇方向感と整合的です。足元のニュースでは、地政学リスクを背景としたドル高圧力も示唆されており、テクニカルとファンダメンタルの両面で買い目線が妥当と考えられます。シナリオが崩れる展開としては、25MA（159.07）を下回る動きが挙げられます。,,,,,,,,,,,土,0,深夜,5,21,2026-05-23
EURJPY=X_1h_20260523_0052,2026-05-23T00:52:38+09:00,1h,EURJPY=X,ユーロ円,bb_lower_touch,🟢 ボリンジャー -2σ タッチ（反発期待）,1,bb_lower_touch,ロング（買い）,184.70899963378906,184.4886639858603,185.0027804976941,185.1496709296466,0.14689043195250728,-0.11928798724783665,0.15905064966378218,0.2385759744956733,,,,0.08,-0.067,54.36,-0.0157,184.65,184.6,2,ユーロ円は、ボリンジャーバンド-2σにタッチし、反発の兆しを見せています。RSIも50台で中立圏にあり、MACDもクロス間近であることから、短期的な上昇が期待できます。通貨強弱でもユーロは堅調で、GBPに次ぐ強さを見せており、円は弱含みです。直近のニュースでは、ユーロ高を示唆する材料もあり、ファンダメンタルズとも整合性が取れています。このシナリオは、-2σを下抜ける展開で崩れる可能性があります。,,,,,,,,,,,土,0,深夜,5,21,2026-05-23
GBPJPY=X_1h_20260523_0052,2026-05-23T00:52:38+09:00,1h,GBPJPY=X,ポンド円,rsi_overbought,🟡 RSI 過買い（利確検討）,2,"rsi_overbought,bb_upper_break",,213.9409942626953,,,,0.2034397118697258,,,,no_plan,2026-05-23T00:53:52+09:00,0.02,,,70.16,0.0794,213.57,213.35,5,ポンド円はRSI70.2、ボリンジャーバンド+2σ超えとテクニカル的に過熱感が見られます。直近のニュースでは弱いGDP、雇用統計、BoEのハト派姿勢がポンドにとってネガティブに作用しており、ファンダメンタルズも上昇の勢いを削ぐ要因となっています。通貨強弱でもポンドはユーロに次ぐ上昇ですが、ドル円の上昇にはやや劣勢です。このまま75MA（213.35）を明確に下抜ける展開となれば、シナリオは崩れるでしょう。,,,,,,,,,,,土,0,深夜,5,21,2026-05-23
GBPUSD=X_1h_20260523_0052,2026-05-23T00:52:38+09:00,1h,GBPUSD=X,ポンドドル,bb_upper_break,🟡 ボリンジャー +2σ 突破（過熱注意）,1,bb_upper_break,,1.343833088874817,,,,0.0012778626341216313,,,,no_plan,2026-05-23T00:53:52+09:00,0.02,,,58.24,0.0002,1.34,1.34,5,ポンドドルはボリンジャーバンド+2σを上抜けましたが、RSIは58と過熱圏には達しておらず、MACDもゴールデンクロス間近と、更なる上昇の可能性も示唆されます。英国債急落や借り入れコスト高騰といったニュースはポンド売り材料ですが、スターマー首相のリーダーシップ危機による政治的不透明感がポンドの重しとなり、現状のレンジ相場を形成していると考えられます。通貨強弱ではポンドはユーロに次ぐ強さを見せており、ややポジティブな状況です。シナリオが崩れるとすれば、75MA（1.34）を明確に下抜けた場合でしょう。,,,,,,,,,,,土,0,深夜,5,21,2026-05-23
CL=F_1h_20260523_0300,2026-05-23T03:00:56+09:00,1h,CL=F,原油 WTI 先物,bb_lower_touch,🟢 ボリンジャー -2σ タッチ（反発期待）,1,bb_lower_touch,ロング（買い）,95.94000244140625,93.92696555724517,98.6240516202877,99.96607620972843,1.3420245894407257,-2.0982247581143403,2.7976330108191205,4.196449516228681,,,,1.386,0.031,37.58,-0.5946,97.69,100.14,5,WTI原油はボリンジャーバンド-2σにタッチし、RSIも売られすぎ水準に近づいていることから、短期的な反発（ロング）が期待されます。消費者信頼感の低下や原油価格が消費者を圧迫するニュースがある一方、世界の石油備蓄逼迫の懸念や米・イラン間の合意発表の可能性は、どちらに動いても価格変動要因となり得ますが、足元のテクニカルは反発を示唆しています。USDが微増ながらも他の主要通貨に対して相対的に買われている点は、原油価格の上昇と必ずしも一致しません。このシナリオが崩れるのは、原油価格が-2σを下抜け、さらなる下落を見せる場合です。,,,,,,,,,,,土,3,深夜,5,21,2026-05-23
AUDUSD=X_1h_20260523_0300,2026-05-23T03:00:56+09:00,1h,AUDUSD=X,豪ドル米ドル（オージードル）,macd_golden,🟢 MACD ゴールデンクロス（短期上昇転換）,1,macd_golden,ロング（買い）,0.7140306830406189,0.7126606668543465,0.7158573712889821,0.7167707154131637,0.0009133441241816079,-0.19187077233689076,0.2558276964491876,0.3837415446737815,,,,0.014,-0.157,53.28,-0.0001,0.71,0.71,5,豪ドル米ドルはMACDのゴールデンクロスにより短期的な上昇転換のシグナルが出ており、25MAと75MAがほぼ水平であることから、レンジ相場からのブレイクアウトの兆しが見られます。RSIも50台半ばと中立圏にあり、過熱感はありません。  ファンダメンタルズでは、中東情勢の落ち着きがドル安要因として意識される一方、AUDは中国景気への依存度が高く、直近の香港ハンセン指数の下落はAUDの上値を抑える可能性があります。足元のニュース材料は限定的です。  通貨強弱はAUD弱 USD強とシグナルとは逆方向ですが、MACDのゴールデンクロスを先行シグナルと捉え、短期的な上昇を狙います。シナリオが崩れるのは、0.71を明確に下抜けた場合です。,,,,,,,,,,,土,3,深夜,5,21,2026-05-23
BTC-USD_4h_20260523_0313,2026-05-23T03:13:48+09:00,4h,BTC-USD,ビットコイン,macd_dead,🔴 MACD デッドクロス（短期下降転換）,1,macd_dead,ショート（売り）,76684.09375,77696.79389894691,75333.82688473746,74658.69345210619,675.1334326312705,1.3206130494916435,-1.7608173993221912,-2.641226098983287,tp1,2026-05-22T23:00:00+00:00,4.77,2.03,0.247,40.16,-184.6231,77155.48,78857.81,5,ビットコインはMACDのデッドクロスにより短期的な下降転換のシグナルが点灯しました。RSIも40近辺と中立域下限に位置し、弱含みの可能性を示唆しています。ボリンジャーバンドの-2σ近辺への接近も、短期的な下落圧力を裏付けます。  ファンダメンタルズ面では、マーク・キューバン氏の「ビットコインはヘッジとして失敗」との発言は、投資家心理にネガティブな影響を与える可能性があります。足元のニュース材料は限定的ですが、全体的なリスクオフムードが強まれば、このショートシナリオは維持されます。  このシナリオが崩れるのは、価格が25MA（77155.48）を明確に上抜けた場合です。,,,,,,,,,,,土,3,深夜,5,21,2026-05-23
BTC-USD_1h_20260523_0504,2026-05-23T05:04:03+09:00,1h,BTC-USD,ビットコイン,rsi_oversold_bounce,🟢 RSI 過売り反発（押し目買い候補）,2,"rsi_oversold_bounce,bb_lower_touch",ロング（買い）,75821.6484375,75269.07271766852,76558.41606394197,76926.79987716296,368.3838132209879,-0.7287835746369608,0.9717114328492812,1.4575671492739215,sl,2026-05-22T23:00:00+00:00,2.93,0.228,-0.916,26.89,-338.8999,77145.3,77244.96,5,"ビットコインは1H足でRSIが過売り水準から反発し、ボリンジャーバンド-2σにタッチしたことで、短期的な反発が期待されます。MACDのデッドクロスは依然として弱気ですが、直近の価格帯で押し目買いが入る可能性を示唆しています。  通貨強弱ではUSDが微増ですが、ビットコインへの直接的な影響は限定的です。ニュース材料も限定的で、市場を動かすような大きな材料は見当たりません。  このロングシナリオは、75,569.79ドルの直近安値を下抜けた場合に崩れる可能性があります。",,,テクニカル悪化,短期的な反発期待が早期に崩れた,"RSIが過売り水準からの反発を示唆していましたが、MACDの弱気トレンドと25MA/75MAのデッドクロスが継続し、下落圧力が優位に働いたと考えられます。AI解説で示唆された「75,569.79ドルの直近安値を下抜けた場合」という条件が、想定より早く、かつ強く発現した可能性があります。保有期間中のニュースは、明確なビットコイン買い材料に繋がるものが少なかったようです。",短期的なテクニカル指標の反発シグナルに過信せず、MAやMACDなどの長期的なトレンド指標をより重視し、強固な下落圧力を確認する。,トレンド逆行,,,,土,5,深夜,5,21,2026-05-23
EURUSD=X_1h_20260523_0504,2026-05-23T05:04:03+09:00,1h,EURUSD=X,ユーロドル,ma_dead,🔴 移動平均デッドクロス（中期下降入り）,1,ma_dead,ショート（売り）,1.1607661247253418,1.1621991786953765,1.1588553860986288,1.1579000167852724,0.0009553693133564394,0.12345759748749952,-0.1646101299833327,-0.24691519497499903,,,,0.023,0.012,46.38,-0.0001,1.16,1.16,5,ユーロドルは、25MAが75MAを下抜けるデッドクロスが確認され、中期的な下降トレンド入りを示唆しています。RSIが46台と中立圏にあるものの、MACDもゼロライン付近で下向き加減となっており、テクニカル的には売り優位と判断できます。  ファンダメンタルズ面では、「イラン戦争によるエネルギーショック」や「高止まりするエネルギー価格」が欧州経済の重荷となり、ユーロ安要因となっています。WSJドル指数の上昇もドルの相対的な強さを示唆しており、ユーロ売りの根拠を補強しています。通貨強弱でもユーロが弱含んでいるため、このショートシナリオは支持されます。  このシナリオが崩れるとすれば、ECBからのタカ派的な発言や、エネルギー価格の急激な低下などが挙げられます。,,,,,,,,,,,土,5,深夜,5,21,2026-05-23
EURUSD=X_1h_20260523_0622,2026-05-23T06:22:21+09:00,1h,EURUSD=X,ユーロドル,macd_dead,🔴 MACD デッドクロス（短期下降転換）,1,macd_dead,ショート（売り）,1.160496711730957,1.1618820433078607,1.1586496029617523,1.15772604857715,0.0009235543846023891,0.1193740200122817,-0.1591653600163756,-0.2387480400245634,,,,,,44.37,-0.0002,1.16,1.16,5,MACDのデッドクロスは短期的な下降トレンドへの転換を示唆しており、テクニカル的にショートが有利な状況です。ユーロ圏のエネルギー価格高騰による経済圧迫とインフレ懸念のニュースは、ユーロ安・ドル高を後押しするファンダメンタルズ要因として整合性があります。通貨強弱でもドルがユーロを上回っており、ショートの方向感と一致しています。このシナリオが崩れるのは、原油価格の急激な下落により欧州経済への懸念が後退した場合です。,,,,,,,,,,,土,6,早朝,5,21,2026-05-23
GBPAUD=X_1h_20260523_0622,2026-05-23T06:22:21+09:00,1h,GBPAUD=X,ポンド/豪ドル（ポンドオージー）,ma_golden,🟢 移動平均ゴールデンクロス（中期上昇入り）,1,ma_golden,ロング（買い）,1.8844000101089478,1.8813334013239873,1.8884888218222284,1.8905332276788689,0.0020444058566403593,-0.16273661475852153,0.21698215301136203,0.32547322951704305,,,,,,59.03,0.0009,1.88,1.88,0,ポンド/豪ドルは、25MAが75MAを上抜けるゴールデンクロスが発生し、中期的な上昇トレンド入りを示唆しています。RSIが59と買われすぎでなく、MACDもシグナルを上回っていることから、この上昇は継続する可能性があります。通貨強弱でもポンドが強く、豪ドルが弱い状況であり、シグナル方向と一致しています。  中国情勢は、香港ハンセン指数が下落するなど、一部軟調な動きが見られますが、テクノロジー株の決算好調も報じられており、AUDの上値は不安定です。このシナリオが崩れるのは、中国景気の悪化が顕著になり、AUDが全面安となる展開です。  エントリーポイント1.88は、ボリンジャーバンドの-2σ付近であり、テクニカルなサポートとして機能する可能性があります。短期的な値動きとしては、直近20本の高値1.89を目指す展開が期待されます。,,,,,,,,,,,土,6,早朝,5,21,2026-05-23
BTC-USD_4h_20260523_0641,2026-05-23T06:41:08+09:00,4h,BTC-USD,ビットコイン,bb_lower_touch,🟢 ボリンジャー -2σ タッチ（反発期待）,1,bb_lower_touch,ロング（買い）,75954.15625,74884.22561902634,77380.73042463155,78094.01751194731,713.2870873157715,-1.4086531715947501,1.8782042287930005,2.8173063431895002,sl,2026-05-23T07:00:00+00:00,9.31,-0.079,-2.242,35.37,-328.1296,77082.21,78780.96,5,ビットコインは、ボリンジャーバンドの-2σにタッチし、RSIも35近辺と売られすぎ水準にあり、4H足で反発の兆しが見られます。MACDもデッドクロス後ですが、MACDラインがシグナルラインを上回れば更なる上昇が期待できます。直近のニュースは横ばいを窺わせるものが多いですが、Nasdaqによるビットコイン指数オプションのリスト公開は、機関投資家の関与拡大を示唆しており、長期的なポジティブ要因となり得ます。USDが強含みである点も、グローバルなリスクオフムードを示唆し、ビットコインのようなリスク資産への資金流入を一時的に抑制する可能性もあります。このシナリオが崩れるのは、75MAを明確に下抜ける展開です。,,,テクニカル悪化,短期的な過熱感からの反落,シグナル発火時、RSIは売られすぎ水準でしたが、25MAや75MAは下降トレンドを示唆しており、MACDもデッドクロス後で弱含みでした。ボリンジャーバンドの-2σタッチは一時的な反発の可能性を示唆しましたが、全体的なテクニカル環境はロングに不利であり、弱気圧力が勝ったと考えられます。ニュースも明確な買い材料に欠けました。,短期的な反発期待だけでなく、長期的な移動平均線やMACDの方向性も重視し、より明確な上昇トレンドへの転換を確認する。,トレンド逆行,,,,土,6,早朝,5,21,2026-05-23
EURUSD=X_1h_20260523_1304,2026-05-23T13:04:47+09:00,1h,EURUSD=X,ユーロドル,macd_dead,🔴 MACD デッドクロス（短期下降転換）,1,macd_dead,ショート（売り）,1.160496711730957,1.1618820433078607,1.1586496029617523,1.15772604857715,0.0009235543846023891,0.1193740200122817,-0.1591653600163756,-0.2387480400245634,,,,,,44.37,-0.0002,1.16,1.16,5,ユーロドルはMACDのデッドクロスにより短期的な下降転換を示唆しており、1.16050からのショートエントリーは妥当です。直近のニュースでは、イラン情勢によるエネルギー価格高騰が欧州経済の重しとなり、ユーロ売りを推奨する内容が見られ、テクニカルとファンダメンタルズが一致しています。通貨強弱でもドルがユーロを上回っており、この流れを支持しています。シナリオが崩れるとすれば、米国のインフレ懸念が後退し、FRBの利上げ観測が後退する展開が考えられます。,,,,,,,,,,,土,13,東京セッション,5,21,2026-05-23
GBPAUD=X_1h_20260523_1304,2026-05-23T13:04:47+09:00,1h,GBPAUD=X,ポンド/豪ドル（ポンドオージー）,ma_golden,🟢 移動平均ゴールデンクロス（中期上昇入り）,1,ma_golden,ロング（買い）,1.8844000101089478,1.8813334013239873,1.8884888218222284,1.8905332276788689,0.0020444058566403593,-0.16273661475852153,0.21698215301136203,0.32547322951704305,,,,,,59.03,0.0009,1.88,1.88,0,ポンド/豪ドルの1時間足チャートでは、25MAが75MAを上抜けるゴールデンクロスが発生し、中期的な上昇トレンド入りを示唆しています。RSIが59と買われすぎでない水準にあることも、さらなる上昇の余地を示唆します。  ファンダメンタルズでは、英国ポンドの通貨強弱がプラスである一方、豪ドルはマイナスと、通貨強弱もロングの方向感と一致しています。中国市場は上海総合指数、香港ハンセン指数ともに堅調であり、ハイテク株の好調さもアジア株式市場を押し上げており、豪ドルの上値追い風となる可能性があります。  このロングシナリオが崩れるのは、中国市場の軟調化が顕著になり、豪ドルの下落圧力が強まる場合です。,,,,,,,,,,,土,13,東京セッション,5,21,2026-05-23
BTC-USD_1h_20260523_1418,2026-05-23T14:18:15+09:00,1h,BTC-USD,ビットコイン,rsi_oversold_bounce,🟢 RSI 過売り反発（押し目買い候補）,1,rsi_oversold_bounce,ロング（買い）,75459.1328125,75010.55344376118,76057.2386374851,76356.29154997764,299.05291249254986,-0.5944666364685767,0.7926221819581022,1.1889332729371533,sl,2026-05-23T07:00:00+00:00,1.7,-0.063,-1.601,29.82,-491.7751,76408.97,77096.22,5,ビットコインはRSIが過売り水準から反発し、短期的な押し目買いのチャンスを示唆しています。MACDも下落トレンドの勢いが鈍化しており、反転の兆しが見られます。25MA、75MA、ボリンジャーバンド-2σがサポートラインとして機能しており、エントリー水準はこれらのテクニカル指標とも整合性が取れています。  ニュース材料は価格変動に大きく影響するものは限定的ですが、仮想通貨法案の動向は中長期的には注視すべき点です。USDが通貨強弱で最も強く、ビットコインもUSD建てで取引されることを考慮すると、USDの堅調さはポジティブに働く可能性があります。  このシナリオが崩れるのは、直近の安値を明確に下抜けた場合です。,,,テクニカル悪化,反発兆しは一時的、下落勢いが継続,シグナル発火時、RSIは過売り水準、MACDは勢い鈍化と反転の兆しはあったものの、25MA、75MAといった移動平均線がレジスタンスとして機能し、価格はこれらのラインを下回ったまま推移しました。エントリー後、下落圧力が予想以上に強く、短期的な反発は一時的で、下降トレンドが継続したためにSLにかかったと考えられます。,短期指標の反転兆しだけに頼らず、長期移動平均線や直近安値の維持を確認する。,トレンド逆行,,,,土,14,東京セッション,5,21,2026-05-23
GC=F_1h_20260523_1723,2026-05-23T17:23:07+09:00,1h,GC=F,ゴールド先物,bb_lower_touch,🟢 ボリンジャー -2σ タッチ（反発期待）,1,bb_lower_touch,ロング（買い）,4523.2001953125,4496.765001859653,4558.447119916295,4576.070582218193,17.623462301897654,-0.5844356276832916,0.7792475035777221,1.1688712553665832,,,,,,50.69,-2.7035,4524.56,4516.86,5,ゴールド先物は、ボリンジャーバンドの-2σにタッチし、RSIが50近辺にあることから、短期的な反発（ロング）が期待されます。MACDは下落を示唆していますが、25MAと75MAの乖離は小さく、押し目買いのチャンスとも解釈できます。ニュース材料は限定的ですが、週を通して4500ドル近辺で推移していることは、この水準のサポートが意識されていることを示唆します。USDの強さが他通貨に比べてやや優位である点は、安全資産としてのゴールドにはやや逆風ですが、急激な円安進行もゴールド価格を支える要因となり得ます。シナリオが崩れるのは、4500ドルを明確に下抜けた場合です。,,,,,,,,,,,土,17,欧州セッション,5,21,2026-05-23
EURUSD=X_1h_20260523_1723,2026-05-23T17:23:07+09:00,1h,EURUSD=X,ユーロドル,macd_dead,🔴 MACD デッドクロス（短期下降転換）,1,macd_dead,ショート（売り）,1.160496711730957,1.1618820433078607,1.1586496029617523,1.15772604857715,0.0009235543846023891,0.1193740200122817,-0.1591653600163756,-0.2387480400245634,,,,,,44.37,-0.0002,1.16,1.16,5,ユーロドルは、MACDのデッドクロスによる短期的な下降転換シグナルが点灯しました。RSIが44台と中立圏にあり、MAも水平で明確なトレンドが見られない状況ですが、昨今のインフレ懸念やエネルギー価格高騰が欧州経済に重石となっているというニュースと整合します。USDが他通貨に対しやや強含みである通貨強弱も、ユーロ売りの方向感を後押ししています。このシナリオが崩れるのは、米国長期金利の上昇が顕著になり、ドル買いが加速した場合です。,,,,,,,,,,,土,17,欧州セッション,5,21,2026-05-23
GBPAUD=X_1h_20260523_1723,2026-05-23T17:23:07+09:00,1h,GBPAUD=X,ポンド/豪ドル（ポンドオージー）,ma_golden,🟢 移動平均ゴールデンクロス（中期上昇入り）,1,ma_golden,ロング（買い）,1.8844000101089478,1.8813334013239873,1.8884888218222284,1.8905332276788689,0.0020444058566403593,-0.16273661475852153,0.21698215301136203,0.32547322951704305,,,,,,59.03,0.0009,1.88,1.88,0,ポンド/豪ドルは、25MAが75MAを上抜けるゴールデンクロスが発生し、中期的な上昇トレンド入りを示唆しています。RSIが59と買われすぎではない水準であり、MACDもゼロラインを上回ったことから、テクニカル的には買い目線で臨むのが妥当です。  通貨強弱でもGBPが強含み、AUDが弱含んでいることから、この方向感は支持されています。中国株式市場が堅調に推移していることは、景気敏感通貨であるAUDにとって追い風となる可能性があります。  このシナリオが崩れるのは、中国株が急落するなど、AUDの重石となるようなニュースが観測された場合です。,,,,,,,,,,,土,17,欧州セッション,5,21,2026-05-23
BTC-USD_4h_20260523_1911,2026-05-23T19:11:08+09:00,4h,BTC-USD,ビットコイン,rsi_oversold_bounce,🟢 RSI 過売り反発（押し目買い候補）,2,"rsi_oversold_bounce,bb_lower_touch",ロング（買い）,74657.609375,73544.8471070252,76141.2923989664,76883.1339109496,741.8415119831993,-1.4904874095090175,1.9873165460120235,2.980974819018035,tp1,2026-05-23T20:00:00+00:00,9.81,3.522,-0.107,27.91,-665.9321,76816.74,78503.3,5,ビットコインは4H足でRSIの過売り反発とボリンジャーバンド-2σタッチにより、短期的な買いシグナルが点灯しています。直近のローソク足は安値付近からの反発を示しており、テクニカル的には押し目買いの好機と判断できます。ファンダメンタルズ面では、目立った価格変動がないというニュースもあり、市場の様子見ムードがうかがえます。通貨強弱ではUSDがやや優位ですが、ビットコインへの直接的な影響は限定的です。このロングシナリオは、74251.30を明確に下抜ける展開となれば崩れる可能性があります。,,,,,,,,,,,土,19,欧州セッション,5,21,2026-05-23
GC=F_1h_20260523_2136,2026-05-23T21:36:04+09:00,1h,GC=F,ゴールド先物,bb_lower_touch,🟢 ボリンジャー -2σ タッチ（反発期待）,1,bb_lower_touch,ロング（買い）,4523.2001953125,4496.765001859653,4558.447119916295,4576.070582218193,17.623462301897654,-0.5844356276832916,0.7792475035777221,1.1688712553665832,,,,,,50.69,-2.7035,4524.56,4516.86,5,ゴールド先物、1H足でボリンジャーバンド-2σタッチからの反発期待でロングを推奨します。RSIは50超、MACDもゼロライン付近でクロス手前であり、短期的な過熱感の解消と上昇への転換を示唆しています。為替強弱ではUSDが小幅上昇ですが、円安基調は金価格にプラスに働きやすい状況です。シナリオが崩れるのは、直近安値を明確に下回る展開です。足元のニュース材料は限定的ですが、市場全体のセンチメントとしては安全資産としての金への関心は依然として高いと考えられます。,,,,,,,,,,,土,21,欧州セッション,5,21,2026-05-23
EURUSD=X_1h_20260523_2136,2026-05-23T21:36:04+09:00,1h,EURUSD=X,ユーロドル,macd_dead,🔴 MACD デッドクロス（短期下降転換）,1,macd_dead,ショート（売り）,1.160496711730957,1.1618820433078607,1.1586496029617523,1.15772604857715,0.0009235543846023891,0.1193740200122817,-0.1591653600163756,-0.2387480400245634,,,,,,44.37,-0.0002,1.16,1.16,5,ユーロドルは、MACDのデッドクロスにより短期的な下降転換のシグナルが出ました。RSIも50を下回り、弱含みを示唆しています。ファンダメンタルズでは、エネルギー価格高騰が欧州経済の重しとなり、インフレ懸念からユーロ売り圧力が強まる可能性が指摘されています。通貨強弱でもドルがユーロを上回っており、ショート（売り）の方向感が支持されます。このシナリオが崩れるのは、米国債利回りの大幅な低下など、ドル売りの要因が強まった場合です。,,,,,,,,,,,土,21,欧州セッション,5,21,2026-05-23
GBPAUD=X_1h_20260523_2136,2026-05-23T21:36:04+09:00,1h,GBPAUD=X,ポンド/豪ドル（ポンドオージー）,ma_golden,🟢 移動平均ゴールデンクロス（中期上昇入り）,1,ma_golden,ロング（買い）,1.8844000101089478,1.8813334013239873,1.8884888218222284,1.8905332276788689,0.0020444058566403593,-0.16273661475852153,0.21698215301136203,0.32547322951704305,,,,,,59.03,0.0009,1.88,1.88,0,ポンド/豪ドルは、25MAが75MAを上抜けるゴールデンクロスが発生し、中期的な上昇トレンド入りを示唆しています。RSIが59と買われすぎでない水準であり、MACDもシグナルを上回ったことから、この上昇は短期的に継続する可能性が高いと判断できます。  通貨強弱でも、ポンドが堅調、豪ドルが弱含みと、このロングの方向性と一致しています。中国情勢については、上海・香港市場が上昇するなど、足元では豪ドルにとって好材料が見られますが、原油や地政学リスクといった下押し要因も存在するため、中国景気の動向には引き続き注視が必要です。  このシナリオが崩れるとすれば、ボリンジャーバンドの-2σを明確に下抜ける展開が考えられます。,,,,,,,,,,,土,21,欧州セッション,5,21,2026-05-23
BTC-USD_1h_20260523_2259,2026-05-23T22:59:35+09:00,1h,BTC-USD,ビットコイン,rsi_oversold_bounce,🟢 RSI 過売り反発（押し目買い候補）,2,"rsi_oversold_bounce,macd_golden",ロング（買い）,75135.9765625,74671.10011115747,75755.8118309567,76065.72946518505,309.91763422835317,-0.6187135279406847,0.8249513705875795,1.2374270558813694,tp1,2026-05-23T18:00:00+00:00,4.01,1.003,-0.16,39.99,-526.3637,75593.43,76841.46,5,ビットコインは、RSIの過売りからの反発とMACDのゴールデンクロスにより、短期的な上昇転換の兆しが見られます。直近のニュースでは、CLARITY法案成立予測やArthur Hayes氏の「政策パニック」ラリーへの期待が、ビットコインへのポジティブなセンチメントを後押ししています。USD高の通貨強弱も、リスク資産への資金流入を示唆しています。このシナリオは、75MAを明確に下抜けた場合に崩れる可能性があります。,,,,,,,,,,,土,22,NY セッション,5,21,2026-05-23
GC=F_1h_20260524_0425,2026-05-24T04:25:05+09:00,1h,GC=F,ゴールド先物,bb_lower_touch,🟢 ボリンジャー -2σ タッチ（反発期待）,1,bb_lower_touch,ロング（買い）,4523.2001953125,4496.765001859653,4558.447119916295,4576.070582218193,17.623462301897654,-0.5844356276832916,0.7792475035777221,1.1688712553665832,,,,,,50.69,-2.7035,4524.56,4516.86,5,ゴールド先物（4523.20ドル）は、ボリンジャーバンド-2σ（4505.43ドル）にタッチし、RSIが50.7と中立圏にあることから、短期的な反発が期待されます。MACDはシグナル線を下回っていますが、75MA（4516.86ドル）が25MA（4524.56ドル）を下回っており、下落トレンドが継続する可能性も示唆されます。  ファンダメンタルズ面では、金ETFのコスト削減や鉱山企業の掘削拡大といったニュースは、相対的に金への投資妙味を高める可能性があります。ただし、ビリオネアのビットコイン売却は、リスク資産への資金シフトを示唆しており、ゴールドにとっては逆風となる可能性も否定できません。  通貨強弱ではUSDが上昇しており、ドル高はゴールドにとってネガティブ要因となります。  このシナリオが崩れるのは、-2σを明確に下抜け、75MAも下回った場合です。,,,,,,,,,,,日,4,深夜,5,21,2026-05-24
EURUSD=X_1h_20260524_0425,2026-05-24T04:25:05+09:00,1h,EURUSD=X,ユーロドル,macd_dead,🔴 MACD デッドクロス（短期下降転換）,1,macd_dead,ショート（売り）,1.160496711730957,1.1618820433078607,1.1586496029617523,1.15772604857715,0.0009235543846023891,0.1193740200122817,-0.1591653600163756,-0.2387480400245634,,,,,,44.37,-0.0002,1.16,1.16,5,ユーロドルはMACDのデッドクロスと25MA、75MAが水平であることから、短期的な下降転換の兆候が見られます。直近20本も高値安値が同じ水準に収束しており、方向感の定まらない状況ですが、MACDがシグナル線を下抜けたことで売り優勢に。  ファンダメンタルズでは、イラン情勢によるエネルギーショックが欧州経済の成長を圧迫し、ユーロ売りを後押しする材料となっています。通貨強弱でもドルがユーロを上回っており、ショート方向への見方を補強します。  このショートシナリオが崩れるのは、1.16 (+0.12%)のストップロスを上抜けた場合です。,,,,,,,,,,,日,4,深夜,5,21,2026-05-24
GBPAUD=X_1h_20260524_0425,2026-05-24T04:25:05+09:00,1h,GBPAUD=X,ポンド/豪ドル（ポンドオージー）,ma_golden,🟢 移動平均ゴールデンクロス（中期上昇入り）,1,ma_golden,ロング（買い）,1.8844000101089478,1.8813334013239873,1.8884888218222284,1.8905332276788689,0.0020444058566403593,-0.16273661475852153,0.21698215301136203,0.32547322951704305,,,,,,59.03,0.0009,1.88,1.88,0,ポンド/豪ドルの1時間足チャートで、25MAが75MAを上抜けるゴールデンクロスが発生し、中期的な上昇トレンド入りが示唆されています。RSIも59と買われすぎではない水準にあり、MACDもシグナルを上回っており、テクニカル的には買いシグナルが優勢です。  通貨強弱も、GBPが堅調、AUDが軟調と、このペアのロング（買い）方向と一致しています。中国経済については、上海総合指数や香港ハンセン指数が上昇しており、ハイテク株の決算も好調といったポジティブなニュースが、AUDの押し上げ要因となる可能性があります。  このシナリオが崩れる（ストップロスに到達する）展開としては、中国経済の減速懸念が再燃し、AUDが急落するケースが考えられます。,,,,,,,,,,,日,4,深夜,5,21,2026-05-24
